parameter,estimate_Ceratophyllum_demersum,p.value_Ceratophyllum_demersum,estimate_Egeria_densa,p.value_Egeria_densa,estimate_Najas_guadalupensis,p.value_Najas_guadalupensis,estimate_Potamogeton_richardsonii,p.value_Potamogeton_richardsonii
Conductivity,0.14285714285714288,0.7520337301587302,-0.4523809523809525,0.26746031746031745,0.7380952380952382,0.04583333333333333,-0.42857142857142866,0.2992063492063492
DissolvedOxygen,0.1904761904761905,0.6645833333333333,-0.23809523809523814,0.5821428571428572,-0.23809523809523814,0.5821428571428572,-0.07142857142857144,0.8819940476190476
fl_area_ha,-0.20293851577273642,0.6298084897377185,0.050734628943184104,0.9050356835102412,-0.6595501762613933,0.07517648014177415,0.038050971707388075,0.9287232645178358
out_mean,-0.21428571428571433,0.6190972222222222,0.380952380952381,0.35987103174603174,-0.642857142857143,0.09618055555555556,0.3571428571428572,0.38938492063492064
pH,0.16666666666666669,0.7033234126984127,-0.761904761904762,0.03675595238095238,0.8333333333333335,0.015376984126984126,-0.5000000000000001,0.21617063492063493
Secchi,0.7380952380952382,0.04583333333333333,-0.14285714285714288,0.7520337301587302,-0.07142857142857144,0.8819940476190476,-0.1904761904761905,0.6645833333333333
Temperature,0.380952380952381,0.35987103174603174,-0.380952380952381,0.35987103174603174,0.4761904761904763,0.24305555555555555,-0.21428571428571433,0.6190972222222222
