Response Var,Agg Type,Avg Type,Dependent Var,Sum Sq,Df,F value,Pr(>F),Signif
DissAmmonia,Seasonal,DI,Drought,0.2721006057638955,2,7.25395023403702,9.646974570458571e-4,< 0.001
DissAmmonia,Seasonal,DI,Season,0.8260701898534175,3,14.681510980581352,1.714529672347202e-8,< 0.001
DissAmmonia,Seasonal,DI,DissAmmonia_onelag,0.15173418246125037,1,8.090185652370561,0.005032365010653635,< 0.01
DissAmmonia,Seasonal,DI,Residuals,3.000854397783362,160,NA,NA,NA
 , , , , , , , , 
DissAmmonia,Regional,DI,Drought,0.109598558044156,2,3.05099381525887,0.0500739972479584,< 0.1
DissAmmonia,Regional,DI,Region,0.127181032482525,3,2.36030199938756,0.0735016865588538,< 0.1
DissAmmonia,Regional,DI,DissAM_onelag,1.89075069439291,1,105.269061522964,2.69513487184213e-19,< 0.001
DissAmmonia,Regional,DI,Residuals,2.87377988106099,160,NA,NA,NA
